ID,Posted at,Screen name,Text
1666996952821641217,2023-06-09 02:33:39 +0000,Me_Unstoppable2,@shipoolix Ø§Ø² Ù…ÙˆÙ†ØªØ±Ø§Ù„ Ùˆ ØªÙˆØ±Ù†ØªÙˆØŒ Ø§ØªÙˆØ¨ÙˆØ³ Ø¯Ø§Ø±Ù‡ Ù…ÛŒØ±Ù‡
1666988277004468226,2023-06-09 01:59:11 +0000,vezzeh_khanom,@rezaraul7 Ø§Ø² Ù…ÙˆÙ†ØªØ±Ø§Ù„ ÙÙˆØª Ù…ÛŒÚ©Ù†Ù… Ù…ÛŒØ±Ù‡ Ù…ÛŒØ±Ù‡ ØªØ§ Ù†ÛŒÙˆÛŒÙˆØ±Ú©
1666980112959430659,2023-06-09 01:26:44 +0000,arash_fd75,Ø¬Ø§Ù„Ø¨â€ŒØªØ±ÛŒÙ† Ø¯Ø§Ø³ØªØ§Ù† ØªØ§Ø®ÛŒØ± Ùˆ Ú©Ù†Ø³Ù„ÛŒ ØªÙˆ ÙØ±ÙˆØ¯Ú¯Ø§Ù‡ØŒ Ù…ÙˆÙ†ØªØ±Ø§Ù„ Ú©Ù‡ Ø·Ø±Ù Ø¯Ø§Ø´Øª ÙØ±Ø§Ù†Ø³ÙˆÛŒ ØµØ­Ø¨Øª Ù…ÛŒÚ©Ø±Ø¯ Ùˆ Ù‡Ù…Ù‡ Ø¯Ø§Ø´ØªÙ† Ø¨Ø§ Ù‡Ù… Ø­Ø±Ù Ø­Ø±Ù Ù…ÛŒØ²Ø¯Ù† Ùˆâ€¦ https://t.co/R2z96zq6K7
1666961210128867328,2023-06-09 00:11:37 +0000,Shemosim,@s3pm3p @Farha_ng @etoilelanuit Ø¨Ø¨ÛŒÙ† Ø¯Ø±ÙˆØº Ú†Ø±Ø§ Ø§Ú¯Ù‡ Ø³Ø§Ù„ÛŒ Û·Û° Ù‡Ø²Ø§Ø±ØªØ§ Ø¯Ø§Ø´ØªÙ‡ Ø¨Ø§Ø´ÛŒ Ùˆ Ù…ÙˆÙ†ØªØ±Ø§Ù„ ÛŒØ§ Ú©Ø¨Ú© Ø²Ù†Ø¯Ú¯ÛŒ Ú©Ù†ÛŒ Ø­ØªÛŒ Ø³ÛŒÙˆ Ù‡Ù… Ù…â€¦ https://t.co/8sAWptUehU
1666945650011824130,2023-06-08 23:09:47 +0000,itsaidasdaily,"Ø§Ù…Ø±ÙˆØ² Ø§ÛŒÙ† Ú©ØªØ§Ø¨Ø®ÙˆÙ†Ù‡ Ø±Ùˆ Ù¾ÛŒØ¯Ø§ Ú©Ø±Ø¯Ù… Ùˆ Ø²ÛŒØ¨Ø§ Ø¨ÙˆØ¯. 
#Ù…ÙˆÙ†ØªØ±Ø§Ù„ https://t.co/mTlADxKrqu"
1666927436372537346,2023-06-08 21:57:25 +0000,Itsamirrgh,ØªÙØ§ÙˆØª Ú˜Ù† ÙØ±Ø§Ù†Ø³ÙˆÛŒ Ùˆ Ø¨Ø±ÛŒØªÛŒØ´ Ø±Ùˆ Ù…ÛŒØªÙˆÙ†ÛŒØ¯ Ø§Ø² Ù…Ù‚Ø§ÛŒØ³Ù‡ Ø¯Ø®ØªØ±Ø§ÛŒ ÙˆØ§ÛŒØª ÙˆÙ†Ú©ÙˆÙˆØ± Ùˆ Ù…ÙˆÙ†ØªØ±Ø§Ù„ Ø¨ÙÙ‡Ù…ÛŒØ¯. ÙØ±Ø§Ù†Ø³ÙˆÛŒ Ù‡Ø§ Ø¨Ø§ ÙØ§ØµÙ„Ù‡ Ø®ÙˆØ´Ú¯Ù„ ØªØ±Ù†.
1666920939320139777,2023-06-08 21:31:36 +0000,pourzangi,@AlirezaAkhondi Ù…Ø§ Ù‡Ù… Ø´Ù†Ø¨Ù‡ Ø¯Ø± Ú©Ø§Ù†Ø§Ø¯Ø§ Ù…ÙˆÙ†ØªØ±Ø§Ù„ Ø±Ø§Ù‡Ù¾ÛŒÙ…Ø§ÛŒÛŒ Ø¯Ø§Ø±ÛŒÙ…âœŒï¸âœŒï¸âœŒï¸
1666914537419812865,2023-06-08 21:06:10 +0000,Mohammadzp32868,@Helvegen03 -Ø³Ù‡ Ú¯Ø§Ù†Ù‡ Ø§ÙˆÙ„ÛŒ Ù‡Ø³Øª Ú©Ù‡ ÙˆØ¸ÛŒÙÙ‡ Ø³Ø§Ø®Øª Ø±ÛŒÙ…ÛŒÚ© Ø¨Ù‡ Ù…ÙˆÙ†ØªØ±Ø§Ù„ Ø¯Ø§Ø¯Ù‡ Ø´Ø¯Ù‡ Ùˆ Ø§Ù…ÛŒØ¯ÙˆØ§Ø±Ù… Ø§Ø² Ù¾Ø³Ø´ Ø¨Ø± Ø¨ÛŒØ§Ø¯. Ø®Ù„Ø§ØµÙ‡ Ú©Ù‡ ÙÚ© Ù†Ú©Ù† Ø§ÛŒâ€¦ https://t.co/ssRiJpJXHZ
1666907559658151940,2023-06-08 20:38:26 +0000,FekrKon,"#Ù…ÙˆÙ†ØªØ±Ø§Ù„
#ÙÚ©Ø±Ú©Ù†
#StJosephChurch https://t.co/scbFnnFCul"
1666907332696059905,2023-06-08 20:37:32 +0000,SalamToronto,"#Ù‚ÛŒÙ…Øª_Ù†ÙØª Ø¨Ù‡ Ø¨Ø´Ú©Ù‡â€ŒØ§ÛŒ Û·Û° #Ø¯Ù„Ø§Ø±_Ø¢Ù…Ø±ÛŒÚ©Ø§ Ú©Ø§Ù‡Ø´ ÛŒØ§ÙØª.
.
.
.
.
.
#Ø¯Ù„Ø§Ø±   #Ø¯Ù„Ø§Ø±Ú©Ø§Ù†Ø§Ø¯Ø§   #Ø¯Ù„Ø§Ø±Ø¢Ù…Ø±ÛŒÚ©Ø§   #Ø¯Ù„Ø§Ø±_Ú©Ø§Ù†Ø§Ø¯Ø§â€¦ https://t.co/CfUBb5m8HC"
1666895151724130304,2023-06-08 19:49:08 +0000,dirtfemmes,@Iioncunt Ù†Ù…ÙˆÙ†Ù‡ Ù…Ù…ØªØ§Ø² ØµØ§Ø¯Ø±Ø§Øª Ú©Ø´ÙˆØ± Ø¨Ù‡ Ù…ÙˆÙ†ØªØ±Ø§Ù„ âœ…
1666893022926360577,2023-06-08 19:40:40 +0000,ImNotBananas,@ArashVenoM Ù‡Ù…ÙŠÙ†Ù… Ø¨ÙˆØ¯. ØªØ§Ø²Ù‡ Ù…ÙˆÙ†ØªØ±Ø§Ù„ Ø¨Ø¯ØªØ± Ø§Ø² ÙˆÙ†ÙƒÙˆÙˆØ±
1666890601130778630,2023-06-08 19:31:03 +0000,shaqayeqzz,@pouyaism Ù…Ù† Ø¢Ú¯Ø³Øª Ù…ÛŒØ®ÙˆØ§Ù… Ø¨Ø±Ù…â€Œ Ù…ÙˆÙ†ØªØ±Ø§Ù„ Ú©Ù‡ ðŸ¥²
1666882497970307085,2023-06-08 18:58:51 +0000,siamakrjb,Ø¢Ø³Ù…ÙˆÙ† Ù…ÙˆÙ†ØªØ±Ø§Ù„ Ø±Ùˆ Ø´Ø§Ù‡Ø¯ Ù‡Ø³ØªÛŒÙ† ØŒ Ù‚Ø§Ø¨Ù„ ØªÙˆØ¬Ù‡ Ø¨Ú†Ù‡ Ù‡Ø§ÛŒ ØªÙˆØ±Ù†ØªÙˆ ØŒ Ù†ÛŒÙˆÛŒÙˆØ±Ú© Ùˆ Ø­ÙˆÙ…Ù‡ðŸ˜‚ https://t.co/xXSJCna3UA
1666862844434866176,2023-06-08 17:40:45 +0000,Medad_MTL,"Ø¯Ø±Ø¨Ø§Ø±Ù‡ Ø±Ø¯ Ù¾ÛŒØ´Ù†Ù‡Ø§Ø¯ Ú©Ù…Ú© Ø¢ØªØ´â€ŒÙ†Ø´Ø§Ù†ÛŒ Ù…ÙˆÙ†ØªØ±Ø§Ù„ Ø§Ø² Ø³ÙˆÛŒ Ø¬Ù†Ú¯Ù„â€ŒØ¨Ø§Ù†ÛŒ Ú©Ø¨Ú© Ø¯Ø± Â«Ù…Ø¯Ø§Ø¯Â» Ø¨Ø®ÙˆØ§Ù†ÛŒØ¯:
https://t.co/DcELLxwqaI"
1666854028163133452,2023-06-08 17:05:43 +0000,hasangholami84,@ggehhry2 Ù…ÙˆÙ†ØªØ±Ø§Ù„ Ù‡Ù… Ø§Ø² Ø§Ø±Ø¯ÙƒØ§Ù† Ø§ØµÙ„Ø§Ø­ Ø·Ù„Ø¨ ØªØ±Ù‡.
1666844126803898381,2023-06-08 16:26:22 +0000,elleleslunes,Ø´ÛŒØ±Ø§Ø²ÛŒâ€ŒÙ‡Ø§ Ù†Ù‡ ØªÙ†Ù‡Ø§ Ù„Ù‡Ø¬Ø´ÙˆÙ† Ø®ÛŒÙ„ÛŒ Ø²ÛŒØ¨Ø§Ø³ØªØŒ Ù‚Ù„Ø¨ Ø²ÛŒØ¨Ø§ÛŒÛŒ Ù‡Ù… Ø¯Ø§Ø±Ù†! Ù…Ù† ØªÙˆ Ù„Ø¨Ù… ØªÙˆ Ù…ÙˆÙ†ØªØ±Ø§Ù„ ÛŒÙ‡ Ù¾Ø³Ø± Ø´ÛŒØ±Ø§Ø²ÛŒ Ø¨ÙˆØ¯ Ø§Ø² Ù‡Ù…Ù‡ Ù†Ø¸Ø± Ú©Ù…Ú© Ù…ÛŒâ€Œâ€¦ https://t.co/oQBiFBpzs9
1666841552851697665,2023-06-08 16:16:09 +0000,etoilelanuit,"@Namroud70 @rezaraul7 ØªÙˆ ØªÙˆØ±Ù†ØªÙˆ Ù‡Ù… ÙØ±Ø§Ù†Ø³Ù‡ Ø¨Ù„Ø¯ Ù†ÛŒØ³ØªÙ†ØŒ Ø³ÛŒØ³ØªÙ… Ø¢Ù…ÙˆØ²Ø´ÛŒ Ø¨Ù‡ ØªÙ†Ù‡Ø§ÛŒÛŒ Ú©Ø§ÙÛŒ Ù†ÛŒØ³.
Ø§Ú©Ø«Ø± Ø´Ù‡Ø±Ù‡Ø§ÛŒ Ú©Ø§Ù†Ø§Ø¯Ø§ ØªÚ© Ø²Ø¨Ø§Ù†Ù‡ Ù‡â€¦ https://t.co/MdD47nLrkX"
1666834225847230466,2023-06-08 15:47:02 +0000,hrz33,"@rezaraul7 Ø¨Ø¨ÛŒÙ† ÛŒÙ‡ Ø®Ø¨Ø± Ø¯ÛŒØ¯Ù… Ø§ØµÙ„Ø§ Ù¾Ø´Ù…ÛŒ Ø¨Ø±Ø§Ù… Ù†Ù…ÙˆÙ†Ø¯Ù‡
Ù…ÙˆÙ†ØªØ±Ø§Ù„ Ú¯ÙØªÙ‡ Ù…Ø§ Ù†ÛŒØ±Ùˆ Ø¨ÙØ±Ø³ØªÛŒÙ… Ø¨Ø±Ø§ÛŒ Ú©Ù…Ú© Ø¨Ù‡ Ø§ØªÛŒØ´ Ø³ÙˆØ²ÛŒ
Ù‡Ù…Ø²Ù…Ø§Ù† ÙØ±Ø§Ù†Ø³Ù‡â€¦ https://t.co/i2TCJQ1Mgm"
1666819427176677376,2023-06-08 14:48:14 +0000,JalilehJ,Ø­Ø§Ù„Ø§ Ø§ÙŠÙ†Ø§Ø´ Ø¨Ù‡ ÙƒÙ†Ø§Ø±ØŒ Ø±ÙŠØ²Ø´ Ø§Ø² Ø¯ÙˆØ± Ùˆ Ø§Ø·Ø±Ø§ÙØ´ÙˆÙ† Ø§ÙŠÙ† Ù…Ø¯Øª Ø²ÙŠØ§Ø¯ Ø¨ÙˆØ¯Ù‡ØŒ Ù…Ù† ÙÙ‚Ø· Ù…ÙˆÙ†Ø¯Ù… Ø§ÙˆÙ† Ù…Ø±ÙŠÙ… Ø­Ù…Ø²Ù‡ Ù„Ùˆ Ú†Ø±Ø§ Ø®ÙˆØ¯Ø´Ùˆ Ú¯Ù… Ùˆ Ú¯ÙˆØ± ÙƒØ±Ø¯ØŸâ€¦ https://t.co/rB38H6Z8DV
1666792399740325888,2023-06-08 13:00:50 +0000,Medad_MTL,ðŸ”»Ú©Ø¨Ú© Ø¨Ø±Ø§ÛŒ Ù…Ù‡Ø§Ø± Ø¢ØªØ´â€ŒØ³ÙˆØ²ÛŒâ€ŒÙ‡Ø§ÛŒ Ø¬Ù†Ú¯Ù„ÛŒ Ø§Ø² Ø§Ø±ÙˆÙ¾Ø§ Ùˆ Ø¢Ù…Ø±ÛŒÚ©Ø§ Ø¯Ø±Ø®ÙˆØ§Ø³Øª Ú©Ù…Ú© Ú©Ø±Ø¯Ù‡ Ø§Ø³ØªØŒ Ø§Ù…Ø§ Ù†Ù‡ Ø§Ø² Ø¢ØªØ´â€ŒÙ†Ø´Ø§Ù†ÛŒ Ù…ÙˆÙ†ØªØ±Ø§Ù„. ðŸ”» https://t.co/QFKNPLI6bI
1666753692702220288,2023-06-08 10:27:01 +0000,Alijenab_ENERGY,"Ø·Ø±Ù ÛŒÙ‡ Ø¬ÙˆØ±ÛŒ Ø§Ø² Ù¾Ù„Ù‡ Ù‡Ø§ÛŒ Ù…ØªØ±Ùˆ Ù…ÛŒØ§Ø¯ Ù¾Ø§ÛŒÛŒÙ† Ø§Ù†Ú¯Ø§Ø± Ù¾Ø±ÙˆØ§Ø²Ø´ Ù‡Ù…ÛŒÙ† Ø§Ù„Ø§Ù† Ø§Ø² Ù…ÙˆÙ†ØªØ±Ø§Ù„ Ú©Ø§Ù†Ø§Ø¯Ø§ Ù†Ø´Ø³ØªÙ‡
Ø¨Ø¬Ù†Ù¾ Ù¾Ø¯Ø³Ú¯ Ù‚Ø·Ø§Ø± Ø±ÙØªâ€¦"
1666742043098447875,2023-06-08 09:40:44 +0000,msrevolte,"@tahamtantweet Ù‡Ù…ÛŒÙ† Ø§Ù„Ø§Ù† Ù…ÙˆÙ†ØªØ±Ø§Ù„ Û±Û° Ø¯Ø±Ø¬Ù‡ Ø§Ø³Øª Ùˆ Ù‡ÙˆØ§ Ø®Ù†Ú©Ù‡. Ø¯ÛŒØ±ÙˆØ² Ù‡Ù… Ø®Ù†Ú© Ø¨ÙˆØ¯. 
Ù…Ù‚Ø¯Ø§Ø±ÛŒ Ø§Ø² Ø¢ØªØ´ Ú©Ù†ØªØ±Ù„ Ø´Ø¯Ù‡ Ùˆ Ù…Ù‚Ø¯Ø§Ø±ÛŒ Ø§Ø² Ø¢Ù†â€¦ https://t.co/5ubO70unua"
1666670468697317377,2023-06-08 04:56:19 +0000,Ahmadghorbani58,@Its_Pooria Ø§ÛŒÙ† Ù…ÙˆØ¶ÙˆØ¹ Ø±Ùˆ Ø¯ÙˆØ³Øª Ù…Ù† Ù‡Ù… ØªØ§ÛŒÛŒØ¯ Ù…ÛŒâ€ŒÚ©Ù†Ù‡ Ú©Ù‡ ØªÙˆ Ù…ÙˆÙ†ØªØ±Ø¢Ù„ Ù‡Ø³Øª
1666666313660375041,2023-06-08 04:39:48 +0000,Movaghghati,@Rouzbeh_P Ù…ÙˆÙ†ØªØ±Ø§Ù„ ÛŒÙ‡ Ù¾ÙˆØªÛŒÙ†â€ŒÙØ±ÙˆØ´ÛŒ Ø¯Ø§Ø±Ù‡ Ú©Ù‡ Ø®ÛŒÙ„ÛŒ Ø®ÙˆØ¨Ù‡. ÙˆÙ„ÛŒ Ø§Ø²Ù… Ù†Ù¾Ø±Ø³ Ú©Ø¬Ø§Ø³Øª Ú©Ù‡ Ù†Ù…ÛŒâ€ŒØ¯ÙˆÙ†Ù…. ðŸ˜‚
1666649991144677376,2023-06-08 03:34:57 +0000,MohammadEDU_,"ÛŒÙ†ÛŒ Ø¨Ø±Ú¯Ø§Ù…Ù…Ù… :////
Ø¨Ù‡ Ù†ÛŒÙˆÛŒÙˆØ±Ú©Ù… Ø±Ø³ÛŒØ¯ Ø¯ÙˆØ¯ Ø¬Ù†Ú¯Ù„Ø§ÛŒ Ù…ÙˆÙ†ØªØ±Ø§Ù„!!! https://t.co/JvK4yvNGF8"
1666648160771383296,2023-06-08 03:27:41 +0000,FekrKon,"#Ù…ÙˆÙ†ØªØ±Ø§Ù„
#ÙÚ©Ø±Ú©Ù†
#Montreal
#RenÃ©LÃ©vesqueParc https://t.co/GFxOVrXeei"
1666641305508749313,2023-06-08 03:00:26 +0000,Berrnadotte,@samak_e_ayyar Ø¢Ù‚Ø§ Ù…ÙˆÙ†ØªØ±Ø§Ù„ Ù†ÛŒØ³Øª Ù‡Ø§! Ø¢ØªØ´ Ø³ÙˆØ²ÛŒ Ø´Ø¯Ù‡ Ø¨Ø±Ø§ÛŒ Ø§Ø³ØªØ§Ù† Ú©Ø¨Ú© Ù‡Ø³ØªØ´ ðŸ™‚
1666641234558087168,2023-06-08 03:00:09 +0000,ArashVenoM,@marmarmaryyy Ù†Ù‡ Ù…ØªØ§Ø³ÙØ§Ù†Ù‡ ØªØ§Ø²Ù‡ Ø®ÙˆØ¯Ù…ÙˆÙ† Ø§Ø² Ù…ÙˆÙ†ØªØ±Ø§Ù„ Ù‡Ø§ÛŒØ¬Ú©Ø´ÙˆÙ† Ú©Ø±Ø¯ÛŒÙ…ðŸ˜‚
1666619290361970690,2023-06-08 01:32:57 +0000,adamadanadaram,@Amir_Ch1990 @LiberalAntiLeft Ù…ÛŒØ´Ù‡ Ø¨Ú¯ÛŒÙ† Ø§Ø² Ú†Ù‡ Ù†Ø¸Ø±ØŸ Ù…Ù† Ø¨ÛŒÙ† Ù…ÙˆÙ†ØªØ±Ø§Ù„ Ùˆ Ú©Ù„Ú¯Ø±ÛŒØŒ Ú©Ù„Ú¯Ø±ÛŒ Ø±Ùˆ Ø§Ù†ØªØ®Ø§Ø¨ Ú©Ø±Ø¯Ù… Ùˆ Ø¯Ø§ÛŒÙ… Ø¯Ø± Ø§ÛŒÙ† Ø¨Ø§Ø±Ù‡ Ù…Ø±Ø¯Ø¯Ù….  ðŸ˜£
1666618908718112769,2023-06-08 01:31:26 +0000,rezghob,@pnnanos ÛŒØ¹Ù†ÛŒ Ø­ØªÛŒ Ù…ÙˆÙ†ØªØ±Ø§Ù„ Ù‡Ù… Ø§ÛŒÙ†Ø·ÙˆØ±ÛŒ Ù†ÛŒØ³Øª
1666599727746433024,2023-06-08 00:15:13 +0000,joooje1994629,Ø¢Ù‚Ø§ Ú©ÛŒ Ù…ÛŒØ§Ø¯ Ø¨Ø±ÛŒÙ… Ù…ÙˆÙ†ØªØ±Ø§Ù„ ØªÙ†ÛŒØ³ ÛŒØ§Ø¯Ø¨Ú¯ÛŒØ±ÛŒÙ…ØŸ
1666595833561718784,2023-06-07 23:59:45 +0000,Baharehsalkhi1,Tool Ù‚Ø±Ø§Ø±Ù‡ Ù†ÙˆØ§Ù…Ø¨Ø± Ø¨ÛŒØ§Ø¯ Ù…ÙˆÙ†ØªØ±Ø§Ù„ Ùˆ Ø¨Ù†Ø¯Ù‡ Ø®ÙˆØ´Ø­Ø§Ù„ Ùˆ Ø§Ù…ÛŒØ¯ÙˆØ§Ø±Ù… Ú©Ù‡ Ø¨Ù„ÛŒØªØ´ Ø®ÛŒÙ„ÛŒ Ú¯Ø±ÙˆÙ† Ù†Ø¨Ø§Ø´Ù‡. https://t.co/nTuBXVLFys
1666574669829341185,2023-06-07 22:35:39 +0000,bitasaa,@3Cepide @Gandom_Sa007 Ù†Ù‡ ÙŠÙ‡ Ø±ÙˆØ³ØªØ§ ØªÙˆ Ù¨ Ø³Ø§Ø¹ØªÙŠ Ù…ÙˆÙ†ØªØ±Ø§Ù„ Ø§ØªØ´ Ú¯Ø±ÙØªÙ‡ Ù†ÙŠØ±Ùˆ Ù†ÙØ±Ø³ØªØ§Ø¯Ù† Ø¨ÙˆÙŠ Ø¯ÙˆØ¯ Ùˆ ØºØ¨Ø§Ø± Ø§Ø²ÙˆÙ†Ø¬Ø§ Ù…ÙŠØ§Ø¯
1666570659336470529,2023-06-07 22:19:43 +0000,amir41355273,"RT @rostami2b: Ø¨Ø¯ÙˆÙ† Ø±ÙˆØªÙˆØ´ØŒ Ø¨Ø¯ÙˆÙ† Ø³Ø§Ù†Ø³ÙˆØ±ØŒ ØµØ¯Ø§ÛŒ Ù…Ø±Ø¯Ù…â€¦.
ÛŒÚ©Ù… Ø¢ÙˆØ±ÛŒÙ„ 2023ØŒ Ù…ÙˆÙ†ØªØ±Ø§Ù„. 

#Ù¾Ø§ÛŒÙ†Ø¯Ù‡_Ø§ÛŒØ±Ø§Ù† #Ø¬Ø§ÙˆÛŒØ¯_Ø´Ø§Ù‡ 

@PahlaviReza @Rtaghizadeâ€¦ https://t.co/aoOfOBmBV9"
1666558971648557056,2023-06-07 21:33:16 +0000,samak_e_ayyar,"Ø§ÙˆØ¶Ø§Ø¹ Ú©ÛŒÙÛŒØª Ù‡ÙˆØ§ÛŒ Ù†ÛŒÙˆÛŒÙˆØ±Ú© Ø¨Ø¯Ù„ÛŒÙ„ Ø±Ø³ÛŒØ¯Ù† Ø¢Ù„ÙˆØ¯Ú¯ÛŒÙ‡Ø§ÛŒ Ù†Ø§Ø´ÛŒ Ø§Ø² Ø¢ØªØ´Ø³ÙˆØ²ÛŒ Ø¯Ø± Ù…ÙˆÙ†ØªØ±Ø¢Ù„ Ú©Ø§Ù†Ø§Ø¯Ø§!
Ø´Ø¨ÛŒÙ‡ Ú†Ù†Ø¯Ø³Ø§Ù„ Ù¾ÛŒØ´Ù Ø³Ù† ÙØ±Ø§Ù†Ø³ÛŒØ³Ú©Ùˆ Ø¨Ø¹Ø¯â€¦ https://t.co/dyS7Phs93A"
1666538314575278080,2023-06-07 20:11:11 +0000,conservatism100,"@LiberalAntiLeft Ø­Ù‚ÛŒÙ‚ØªØ§ Ø¨Ø§ Ø§ÛŒÙ† ØªÙˆØ¦ÛŒØª Ù‡Ø§ÛŒÛŒ Ú© Ø§Ø² Ù…ÙˆÙ†ØªØ±Ø§Ù„ Ùˆ Ú©Ø¨Ú© Ù…ÛŒØ²Ù†ÛŒ
ØªØ­Ø±ÛŒÚ© Ø´Ø¯Ù… Ø¯ÙˆØ¨Ø§Ø±Ù‡ ÙØ±Ø§Ù†Ø³ÙˆÛŒ Ø¨Ø®ÙˆÙ†Ù…
https://t.co/dTTyCtVopP"
1666534544168701952,2023-06-07 19:56:12 +0000,haniehm,Ø¯ÙˆØ±ÙˆØ²Ù‡ Ù…ÙˆÙ†ØªØ±Ø§Ù„ Ø´Ø¯Ù‡ Ø¹ÙŠÙ† ØªÙ‡Ø±Ø§Ù†! Ø¯ÙŠØ±ÙˆØ² Ø±ÙØªÙ… Ø¨ÙŠØ±ÙˆÙ† Ù‚Ø´Ù†Ú¯ Ø¨ÙˆÙŠ Ø¯ÙˆØ¯ Ø¢Ø´Ù†Ø§ÙŠÙŠ Ù…ÙŠØ¯Ø§Ø¯! Ø¨Ø¹Ø¯ ÙŠÙ‡ Ø¯ÙˆØ³Øª ÙƒØ§Ù†Ø§Ø¯Ø§ÙŠÙŠ Ù…ÙŠÚ¯Ù‡ Ø§ Ø§ÙŠÙ†Ø§ Ø¯ÙˆØ¯Ù‡ ðŸ˜‚ ÙŠâ€¦ https://t.co/YMAvTElHOO
1666524734870245385,2023-06-07 19:17:13 +0000,SalamToronto,"#Ù‚ÛŒÙ…Øª_Ù†ÙØª Ø¨Ù‡ Ø¨Ø´Ú©Ù‡â€ŒØ§ÛŒ Û·Û³ #Ø¯Ù„Ø§Ø±_Ø¢Ù…Ø±ÛŒÚ©Ø§ Ø§ÙØ²Ø§ÛŒØ´ ÛŒØ§ÙØª.
.
.
.
.
.
#Ø¯Ù„Ø§Ø±   #Ø¯Ù„Ø§Ø±Ú©Ø§Ù†Ø§Ø¯Ø§   #Ø¯Ù„Ø§Ø±Ø¢Ù…Ø±ÛŒÚ©Ø§   #Ø¯Ù„Ø§Ø±_Ú©Ø§Ù†Ø§Ø¯Ø§â€¦ https://t.co/dbaNUa4KWN"
1666523800492552192,2023-06-07 19:13:31 +0000,MasBstmi,ÛŒÙ‡ Ø³ÙØ± Ù…ÙˆÙ†ØªØ±Ø§Ù„ Ú©Ø¨Ú© Ø®Ø§Ø³ØªÛŒÙ… Ø¨Ø±ÛŒÙ…ØŒ Ø¢ØªÛŒØ´ Ú¯Ø±ÙØª! Ù†Ù…ÛŒØ§ÛŒÙ… Ø¹Ø§ØºØ§ Ú©Ù†Ú©Ù„Ù‡ØŒ Ø®Ø§Ù…ÙˆØ´ Ø´ÙˆØŒ Ø±Ø§Ø­Øª Ø¨Ø§Ø´!
1666519777043423247,2023-06-07 18:57:31 +0000,Shemosim,@Amirshq Ø¯Ù‚Øª Ú©Ø±Ø¯ÛŒ Ù‡Ø± Ø³Ø±ÛŒ Ù‡Ø±Ú†ÛŒØ²ÛŒ Ù…ÛŒØ´Ù‡ Ù…ÙˆÙ†ØªØ±Ø§Ù„ Ù…ØµÙˆÙ† Ù…ÛŒÙ…ÙˆÙ†Ù‡ :))))) Ø¹Ø¬ÛŒØ¨Ù‡ Ø§ÛŒÙ† Ø´Ù‡Ø± ÙˆØ§Ù‚Ø¹Ø§
1666515130807623683,2023-06-07 18:39:04 +0000,kargadan,@Roorshak @LiberalAntiLeft @MOMOCHANEL_ Ù…Ø§Ø´ÛŒÙ†â€ŒÙ‡Ø§ÛŒÛŒ Ú©Ù‡ Ù…ÛŒâ€ŒØ¯Ø²Ø¯Ù† Ø¹Ù…ÙˆÙ…Ø§ ØªÙˆ Ø¨Ø§Ø²Ø§Ø± Ú©Ù…Ø¨ÙˆØ¯ ÙˆØ¬ÙˆØ¯ Ø¯Ø§Ø±Ù‡ Ùˆ Ù‚ÛŒÙ…ØªØ´ÙˆÙ† Ø¨Ø§Ù„Ø§ Ø±ÙØªÙ‡ Ú¯Ø±â€¦ https://t.co/y0OZ2S6svY
1666511639128973316,2023-06-07 18:25:11 +0000,Amirshq,"Ø¬Ø§Ù„Ø¨Ù‡ Ú©Ù‡ Ø¢ØªØ´ Ø³ÙˆØ²ÛŒ Ù‡Ø§ Ú©Ø¨Ú© Ù‡Ø³Øª Ø§Ù…Ø§ Ù…ÙˆÙ†ØªØ±Ø§Ù„ Ú©Ù…ØªØ± Ø¢Ù„ÙˆØ¯Ù‡ Ø´Ø¯Ù‡.
ÙˆØ§Ø³Ù‡ Ù…Ù†Ù… Ø³ÙˆØ§Ù„ Ø¨ÙˆØ¯ Ú†Ø±Ø§ ØªÙˆØ±Ù†ØªÙˆ Ùˆ Ù†ÛŒÙˆÛŒÙˆØ±Ú© Ø¢Ù„ÙˆØ¯Ù‡ ØªØ± Ù‡Ø³ØªÙ† ØªØ§ Ù…Ùˆâ€¦ https://t.co/ACRx4JyjZa"
1666475268486119425,2023-06-07 16:00:40 +0000,nilpeer7891,"ÙÚ©Ø± Ú©Ø±Ø¯ÛŒÙ† ÙÙ‚Ø· Ø§ØªØ§ÙˆØ§ Ùˆ Ù…ÙˆÙ†ØªØ±Ø§Ù„ Ø®ÙˆØ¯ØªÙˆÙ† Ø¨Ø§Ø±ÙˆÙ† Ù…ÛŒØ§Ø¯ØŸðŸ˜„ðŸ˜„Ø®ÛŒØ± ØªÙ‡Ø±Ø§Ù† Ù…Ø§ Ù‡Ù… Ø¯Ø§Ø±Ù‡ Ø¨Ø§Ø±ÙˆÙ† Ù…ÛŒØ§Ø¯ðŸ˜
ÙˆÙ„ÛŒ Ø§ÛŒÙ† Ú©Ø¬Ø§ Ùˆ Ø¢Ù† Ú©Ø¬Ø§â¤ï¸ðŸ‡¨ðŸ‡¦"
1666464141123416066,2023-06-07 15:16:27 +0000,imtheotheronee,@ClarasadatIllIl Ø¯ÛŒÚ¯Ù‡ Ú©Ù‡ ØªÙˆÙˆ Ù…ÙˆÙ†ØªØ±Ø§Ù„ Ú¯ÛŒØ±Ù… Ù†Ù…ÛŒØ§Ø¯ :(
1666456885791272960,2023-06-07 14:47:37 +0000,shipoolix,@Me_Unstoppable2 Ù…ÛŒØ¯ÙˆÙ†Ù…. Ù…Ù†Ø¸ÙˆØ±Ù… Ø§ÛŒÙ†Ø¨ÙˆØ¯ Ú©Ù‡ Ù…ÙˆÙ†ØªØ±Ø§Ù„ Ùˆ ØªÙˆØ±Ù†ØªÙˆ Ù…Ø¹Ù…ÙˆÙ„ÛŒÙ‡. Û³ Ùˆ Û´ Ù…Ø«Ù„ Ù‡Ù…ÛŒØ´Ù‡â€ŒÛŒ ØªØ§Ø¨Ø³ØªÙˆÙ†Ø§ÛŒ ÙˆÙ†Ú©ÙˆÙˆØ±Ù‡.
1666455631757291520,2023-06-07 14:42:38 +0000,ClarasadatIllIl,"@natanailll ÙˆØ§ÛŒ ÙˆØ§ÛŒ Ù…ÛŒØ¯ÙˆÙ†Ù…Ù…Ù…Ù…Ù…Ù… 
ÛŒÙ‡ Ø¯ÙˆØ³ØªÛŒ Ø¯Ù„Ø´ØªÛŒÙ… Ø®ÙˆØ§Ø¨Ú¯Ø§Ù‡ Ú©Ù‡ Ø¨Ø±ÙˆØ¬Ø±Ø¯ÛŒ Ø¨ÙˆØ¯ØŒ Ø¨Ø±Ø§Ù…ÙˆÙ† ØªØ§Ø²Ù‡â€ŒØ§Ø´ Ø±Ùˆ Ù…ÛŒØ§ÙˆØ±Ø¯. ØªÙˆ Ù…ÙˆÙ†ØªØ±Ø§Ù„ Ù‡Ù… ØªØ§â€¦ https://t.co/3BNSREpOu5"
1666433569508425730,2023-06-07 13:14:58 +0000,Medad_MTL,"@SaeidVafa ðŸŒˆ Ø¬Ø´Ù†ÙˆØ§Ø±Ù‡â€ŒÛŒ Ú©ÛŒØ§Ù† Ø¯Ø± #Ù…ÙˆÙ†ØªØ±Ø§Ù„
Ú¯Ø±Ø§Ù…ÛŒØ¯Ø§Ø´Øª Ø²Ù†Ø¯Ú¯ÛŒ Ú©ÛŒØ§Ù† Ù¾ÛŒØ±ÙÙ„Ú© Ø¯Ø± Ø³Ø§Ù„Ú¯Ø±Ø¯ ØªÙˆÙ„Ø¯Ø´

Ø¹Ø¯Ù‡â€ŒØ§ÛŒ Ø§Ø² Ù…ÙˆÙ†ØªØ±Ø§Ù„ÛŒâ€ŒÙ‡Ø§ Ù‚ØµØ¯ Ø¯Ø§Ø±Ù†â€¦ https://t.co/WVyHXoEdyE"
1666433423647318018,2023-06-07 13:14:23 +0000,Medad_MTL,"ðŸŒˆ Ø¬Ø´Ù†ÙˆØ§Ø±Ù‡â€ŒÛŒ Ú©ÛŒØ§Ù† Ø¯Ø± #Ù…ÙˆÙ†ØªØ±Ø§Ù„
Ú¯Ø±Ø§Ù…ÛŒØ¯Ø§Ø´Øª Ø²Ù†Ø¯Ú¯ÛŒ Ú©ÛŒØ§Ù† Ù¾ÛŒØ±ÙÙ„Ú© Ø¯Ø± Ø³Ø§Ù„Ú¯Ø±Ø¯ ØªÙˆÙ„Ø¯Ø´

Ø¹Ø¯Ù‡â€ŒØ§ÛŒ Ø§Ø² Ù…ÙˆÙ†ØªØ±Ø§Ù„ÛŒâ€ŒÙ‡Ø§ Ù‚ØµØ¯ Ø¯Ø§Ø±Ù†Ø¯ Ø¨Ù‡ Ù‡Ù…ÛŒÙ† Ù…â€¦ https://t.co/7q4A0xkEkN"
1666413125489377282,2023-06-07 11:53:44 +0000,virgil137000,ØªÙˆ Ù…ÙˆÙ†ØªØ±Ø§Ù„ Ø­Ø³ Ù…ÛŒÚ©Ù†Ù… ÙˆØ§Ù‚Ø¹Ø§ Ø®Ø§Ø±Ø¬ Ù‡Ø³ØªÙ…ðŸ˜…
1666355028817313792,2023-06-07 08:02:52 +0000,IRIVF,ØªÛŒÙ… Ù…Ù„ÛŒ ÙˆØ§Ù„ÛŒØ¨Ø§Ù„ Ù„Ù‡Ø³ØªØ§Ù† Ú©Ù‡ Ø¯Ø± Ø­Ø§Ù„ Ø­Ø§Ø¶Ø± Ø¨Ø§ 389.42 Ø§Ù…ØªÛŒØ§Ø² Ø¯Ø± Ø±ØªØ¨Ù‡ Ù†Ø®Ø³Øª  Ø±Ø¯Ù‡â€ŒØ¨Ù†Ø¯ÛŒ Ø¬Ù‡Ø§Ù† Ù‚Ø±Ø§Ø± Ø¯Ø§Ø±Ø¯ØŒ ÛŒÚ© Ù…Ø¯Ø§Ù„ Ø·Ù„Ø§ÛŒ Ø§Ø±Ø²Ø´Ù…Ù†Ø¯â€¦ https://t.co/CTjtQmGl6l
1666298162565316612,2023-06-07 04:16:54 +0000,monika_fae,Ø®ÙˆØ¨ Ø¨Ø§ÛŒØ¯ Ø¨Ú¯Ù… Ø§Ù…Ø±ÙˆØ² Ø§ÙˆØ¶Ø§Ø¹ Ù‡ÙˆØ§ÛŒ Ù†ÛŒÙˆÛŒÙˆØ±Ú© Ø§Ø² Ù…ÙˆÙ†ØªØ±Ø§Ù„ Ø¨Ø¯ØªØ± Ø¨ÙˆØ¯Ù‡ https://t.co/cPZKzPYwHd
1666297649786396676,2023-06-07 04:14:52 +0000,AShaykh_Morteza,"@Gandom_Sa007 ØªÙˆÛŒ Ù…ÙˆÙ†ØªØ±Ø§Ù„ ÛŒÙ‡ Ø®Ø§Ù†Ù… Ø¬ÙˆÙˆÙ†ÛŒ Ø¨Ù‡ Ù…Ù† ÛŒÙ‡ Ø¨Ø³ØªÙ‡ Ù¾Ø§Ø³ØªÛŒÙ„ Ø¯Ø§Ø¯ðŸ˜‚ðŸ˜‚ Ø¬Ø§ Ø®ÙˆØ±Ø¯Ù… ÙˆÙ„ÛŒ Ø¨Ø¹Ø¯Ø´ Ú¯Ø±ÙØªÙ…ðŸ˜ðŸ˜

Ù¾Ø§Ø³ØªÛŒÙ„ ÙˆØ§Ù‚Ø¹ÛŒ Ù†Ù‡ Ø§Ø² Ø§ÙˆÙ† Ù¾Ø§Ø³ØªÛŒÙ„Ù‡Ø§ðŸ˜"
1666297476859699200,2023-06-07 04:14:11 +0000,Tyshkk,"RT @Me_Unstoppable2: Ø¯ÙˆØ³ØªØ§Ù† Ù…Ù‚ÛŒÙ… Ù…ÙˆÙ†ØªØ±Ø§Ù„ Ùˆ Ø§Ø³ØªØ§Ù† Ú©Ø¨Ú© Ùˆ Ø¨Ú†Ù‡â€ŒÙ‡Ø§ÛŒ Ø§ØªØ§ÙˆØ§ØŒ Ø­Ø§Ù„ØªÙˆÙ† Ø®ÙˆØ¨Ù‡ØŸ

 #QuebecWildfires"
1666290651711807489,2023-06-07 03:47:04 +0000,monika_fae,@Me_Unstoppable2 Ø§Ù…Ø±ÙˆØ² Ø±ÙˆØ² Ú©Ø§Ø± ØªÙˆ Ø§ÙÛŒØ³ Ø¨ÙˆØ¯ . Ù…Ø±Ú©Ø² Ø´Ù‡Ø± Ù…ÙˆÙ†ØªØ±Ø§Ù„ Ø¯ÙˆØ¯Ø¢Ù„ÙˆØ¯Ù‡ ØŒ Ú†Ø´Ù…Ø§Ù… Ø¨Ù‡ Ø´Ø¯Øª Ù…ÛŒØ³ÙˆØ²Ù‡ ØŒ Ø§Ù„Ø¨ØªÙ‡ Ù…Ù† Ú†Ø´Ù…Ø§Ù… Ø­Ø³Ø§Ø³Ù†â€¦ https://t.co/1saWI9t25G
1666288991765757952,2023-06-07 03:40:28 +0000,Me_Unstoppable2,"Ø¯ÙˆØ³ØªØ§Ù† Ù…Ù‚ÛŒÙ… Ù…ÙˆÙ†ØªØ±Ø§Ù„ Ùˆ Ø§Ø³ØªØ§Ù† Ú©Ø¨Ú© Ùˆ Ø¨Ú†Ù‡â€ŒÙ‡Ø§ÛŒ Ø§ØªØ§ÙˆØ§ØŒ Ø­Ø§Ù„ØªÙˆÙ† Ø®ÙˆØ¨Ù‡ØŸ

 #QuebecWildfires"
1666283484879388673,2023-06-07 03:18:35 +0000,inspectorinME,RT @LiberalAntiLeft: Û±) Ø­Ø§Ù„Ø§ Ú©Ù‡ Ø§ÛŒØ´Ø§Ù„Ø§ Ø§ØªØ­Ø§Ø¯ØªÙˆÙ† Ø¨Ù‡ Ù‡Ù… Ù†Ù…ÛŒØ®ÙˆØ±Ù‡ Ø¨Ø§ @esmaeilion Ø¨Ø¹Ø¯ Ù†ÛŒØ³Øª ÛŒÙ‡ Ù†Ú¯Ø§Ù‡ÛŒ Ø¨Ú©Ù†ÛŒÙ… Ø¨Ù‡ Ø§ØªÙØ§Ù‚Ø§Øª ÛŒÚ© Ø³Ø§Ù„ Ù¾ÛŒØ´. Ø§ÛŒÙ† Ø¨Ø®Ø´ÛŒ Ø§Ø²â€¦ https://t.co/u3DWM9bcVD
1666280652054855680,2023-06-07 03:07:20 +0000,ArmaneSabeq,Ø§ÛŒÙ† Ø§ÛŒÙ†ØªÙ†Ø±Ø´ÛŒÙ¾ Ø±Ùˆ Ø¨Ú¯ÛŒØ±Ù… ØŒ Ù‡Ø±Ú©ÛŒ Ø¢Ø´Ù†Ø§ ØªÙˆ Ù…ÙˆÙ†ØªØ±Ø§Ù„ Ù‡Ø³Øª Ø¨Ù‡Ø´ Ø´ÛŒØ±ÛŒÙ†ÛŒ Ù…ÛŒØ¯Ù…. ðŸš¶
1666245424607371267,2023-06-07 00:47:21 +0000,maedeh74162948,"@Ar_ya_es Ø³Ù„Ø§Ù…
Ù…Ù† Ù…ÙˆÙ†ØªØ±Ø§Ù„ Ù†ÛŒØ³ØªÙ… ÙˆÙ„ÛŒ Ù†Ø²Ø¯ÛŒÚ©ÛŒÙ…â˜ºï¸
Ø®ÙˆØ´Ø¨Ø®ØªÙ… Ø§Ø² Ø¢Ø´Ù†Ø§ÛŒÛŒØª"
1666241317171613697,2023-06-07 00:31:01 +0000,SalamToronto,Â«Ø¯Ù„ Ø¨Ø§Ù„Ø³Ùˆ Ø²Ù…Ø§Ù†ÛŒ Ù…Ø³Ø¦ÙˆÙ„ #Ù…Ø¯ÛŒØ±ÛŒØª #Ù‚Ù…Ø§Ø± Ùˆ Ø´Ø±Ø·Ø¨Ù†Ø¯ÛŒ Ø¯Ø± Ø®Ø§Ù†ÙˆØ§Ø¯Ù‡ #Ø¬Ù†Ø§ÛŒØªÚ©Ø§Ø± Ø±ÛŒØ²ÙˆØªÙˆ Ø¨ÙˆØ¯. Ø§Ùˆ ÛŒÚ© #Ø§ÙˆØ¨Ø§Ø´ Ùˆ #Ú¯Ø§Ù†Ú¯Ø³ØªØ± Ø¨Ø³ÛŒØ§Ø±â€¦ https://t.co/bauPb54rXI
1666224711045464067,2023-06-06 23:25:02 +0000,3lmiir4,"Ú©Ù„ÛŒ Ø¬Ù†Ú¯Ù„ Ø¨ÛŒÙ† Ù…ÙˆÙ†ØªØ±Ø§Ù„ Ùˆ ØªÙˆØ±Ù†ØªÙˆ Ø¢ØªÛŒØ´ Ú¯Ø±ÙØªÙ‡ØŒ Ø¯ÙˆØ¯Ø´ ØªØ§ Ù†ÛŒÙˆÛŒÙˆØ±Ú© Ø±ÙØªÙ‡! 
Ø®ÙˆØ¯Ù…Ù… Ø¯Ø§Ø±Ù… Ø®ÙÙ‡ Ù…ÛŒØ´Ù… Ùˆ Ø³Ø±Ø¯Ø±Ø¯ ."
1666216789150244864,2023-06-06 22:53:34 +0000,Gol_Abb,Ø­ØªÛŒ Ø¢ØªÛŒØ´â€ŒØ³ÙˆØ²ÛŒ Ù…ÙˆÙ†ØªØ±Ø§Ù„ Ù‡Ù… ØªÙ‚ØµÛŒØ± Ø¬Ø§Ø³Øª.
1666210179661037568,2023-06-06 22:27:18 +0000,Medad_MTL,"Ú¯Ø²Ø§Ø±Ø´ Â«Ù…Ø¯Ø§Ø¯Â» Ø±Ø§ Ø§Ø² Ø¯ÙˆÙ…ÛŒÙ† Ø±ÙˆØ² Ù…Ù‡â€ŒØ¯ÙˆØ¯ Ø¯Ø± Ù…ÙˆÙ†ØªØ±Ø§Ù„ Ø§ÛŒÙ†Ø¬Ø§ Ø¨Ø®ÙˆØ§Ù†ÛŒØ¯:

https://t.co/l09W8Yc3fU"
1666209373780074520,2023-06-06 22:24:06 +0000,Medad_MTL,ðŸ”ºØ¨Ø§Ø¯ Ùˆ Ø¨Ø§Ø±Ø§Ù† ÙØ¹Ù„ÛŒ ØªØ§ Ø´Ø¨ Ø¨Ø§Ø¹Ø« ØªÙ„Ø·ÛŒÙ Ù‡ÙˆØ§ Ù…ÛŒâ€ŒØ´ÙˆØ¯Ø› Ø§Ù…Ø§ Ø§Ù…Ø±ÙˆØ²ØŒ Ø¨Ø±Ø§ÛŒ Ø¯ÙˆÙ…ÛŒÙ† Ø±ÙˆØ² Ù¾ÛŒØ§Ù¾ÛŒØŒ Ù…ÙˆÙ†ØªØ±Ø§Ù„ÛŒâ€ŒÙ‡Ø§ Ø´Ø§Ù‡Ø¯ Ø¢Ø³Ù…Ø§Ù†ÛŒ Ø¯ÙˆØ¯Ú¯Ø±ÙØªÙ‡ Ø¨Ùˆâ€¦ https://t.co/o6GtIAb2Ct
1666197817801539585,2023-06-06 21:38:10 +0000,501ma2z,@aulichii Ø´Ù…Ø§ Ù…ÙˆÙ†ØªØ±Ø§Ù„ Ø¨ÙˆØ¯ÛŒØ¯. Ù…Ø§ Ù‡Ù… Ù‡Ù…Ø´ Ø®ÙˆÙ†Ù‡ Ø¹Ù…ÙˆÛŒ Ø§ÛŒÙ† Ù…Ø±Ø¯.
1666190796956000273,2023-06-06 21:10:16 +0000,SalamToronto,"#Ù‚ÛŒÙ…Øª_Ù†ÙØª Ø¨Ù‡ Ø¨Ø´Ú©Ù‡â€ŒØ§ÛŒ Û·Û³ #Ø¯Ù„Ø§Ø±_Ø¢Ù…Ø±ÛŒÚ©Ø§ Ø§ÙØ²Ø§ÛŒØ´ ÛŒØ§ÙØª.
.
.
.
.
.
#Ø¯Ù„Ø§Ø±   #Ø¯Ù„Ø§Ø±Ú©Ø§Ù†Ø§Ø¯Ø§   #Ø¯Ù„Ø§Ø±Ø¢Ù…Ø±ÛŒÚ©Ø§   #Ø¯Ù„Ø§Ø±_Ú©Ø§Ù†Ø§Ø¯Ø§â€¦ https://t.co/Tgdyk4g6c7"
1666190601329442822,2023-06-06 21:09:30 +0000,amir_he,Ø¯ÙˆØ¯ Ùˆ Ø¯Ù… ØªÙˆØ±Ù†ØªÙˆ Ùˆ Ù…ÙˆÙ†ØªØ±Ø§Ù„ Ø¨Ù‡ Ø´ÛŒÚ©Ø§Ú¯Ùˆ Ø±Ø³ÛŒØ¯! Ø¢Ø±Ø§Ù…Ø´ Ù†Ø¯Ø§Ø±ÛŒÙ… Ø§Ø² Ø¯Ø³Øª Ø§ÛŒÙ† Ú©Ø§Ù†Ø§Ø¯Ø§ÛŒÛŒ Ù‡Ø§!! ðŸ˜‚ https://t.co/c3VlHihx4r
1666183902627614720,2023-06-06 20:42:53 +0000,Medad_MTL,"Ø¯Ø±Ø¨Ø§Ø±Ù‡ Ø·Ø±Ø­ Ù…Ø­Ù„Ù‡ Ø²ÛŒØ³Øªâ€ŒÙ…Ø­ÛŒØ·ÛŒ Ù„Ø§Ø´ÛŒÙ† Ø´Ø±Ù‚ Ùˆ Ø§Ø­ØªÙ…Ø§Ù„ Ø¢ØºØ§Ø² Ø§Ø­Ø¯Ø§Ø« Ø®Ø· ØµÙˆØ±ØªÛŒ Ù…ØªØ±ÙˆÛŒ Ù…ÙˆÙ†ØªØ±Ø§Ù„ Ø¯Ø± Â«Ù…Ø¯Ø§Ø¯Â» Ø¨Ø®ÙˆØ§Ù†ÛŒØ¯: 
https://t.co/qqo2nshJD3"
1666180877259509760,2023-06-06 20:30:51 +0000,reza_yerevan,"RT @negar15050006: Ù…Ø¬Ø¨ÙˆØ±Ù… Ø§Ù…Ø´Ø¨ Ø¨Ø±Ù… Ù…ÙˆÙ†ØªØ±Ø§Ù„ ØªØ§ ÙØ±Ø¯Ø§ Ø´Ø¨ Ùˆ Ø§Ù„Ø§Ù† Ú©ÙˆÙ¾Ø± Ø±Ùˆ Ú¯Ø°Ø§Ø´ØªÙ… Ø®ÙˆÙ†Ù‡ ÛŒ Ø¯ÙˆØ³ØªÙ…ðŸ¥º

Ù¾Ø± Ø¨ØºØ¶Ù…ØŒ

ØªÙˆÙ†Ú¯Ø§Ù‡Ø´ Ø¬Ù…Ù„Ù‡ ÛŒ Â« Ø­Ø§Ù„Ø§ Ú©Ù‡ Ù…Ù†Ùˆ Ø§Ù‡Ù„ÛŒâ€¦ https://t.co/OkxpP5zvyI"
1666174085724872707,2023-06-06 20:03:52 +0000,VOZiran,Ø³Ø§Ø²Ù…Ø§Ù† Ø¹ÙÙˆ Ø¨ÛŒÙ†â€ŒØ§Ù„Ù…Ù„Ù„ØŒ Ø³Ù†Ø¯ÛŒÚ©Ø§Ù‡Ø§ÛŒ Ø¨Ø²Ø±Ú¯ Ú©Ø§Ø±Ú¯Ø±ÛŒ Ú©Ø¨Ú© Ùˆ Ø³ØªØ§Ø¯ Ø²Ù†ØŒ Ø²Ù†Ø¯Ú¯ÛŒØŒ Ø¢Ø²Ø§Ø¯ÛŒ Ù…ÙˆÙ†ØªØ±Ø§Ù„ Ø¨Ø§ Ø­Ø¶ÙˆØ± ØªØ¹Ø¯Ø§Ø¯ÛŒ Ø§Ø² Ù†Ù…Ø§ÛŒÙ†Ø¯Ú¯Ø§Ù† Ù…Ø¬Ù„Ø³ØŒ Ø¨â€¦ https://t.co/aDDM4REYPU
1666170554796105730,2023-06-06 19:49:50 +0000,Medad_MTL,ðŸ”ºÙˆØ§Ù„Ø±ÛŒ Ù¾Ù„Ø§Ù†ØªØŒ Ø´Ù‡Ø±Ø¯Ø§Ø± Ù…ÙˆÙ†ØªØ±Ø§Ù„ Ø¯Ø± ØªÙˆØ¦ÛŒØªØ± Ø®ÙˆØ¯ Ø§Ø² Ø§Ø­Ø¯Ø§Ø« ÛŒÚ© Ù…Ø­Ù„Ù‡â€ŒÛŒ Ø§Ù‚ØªØµØ§Ø¯ÛŒ Ø¯Ø± Ù„Ø§Ø´ÛŒÙ† Ù…ÙˆÙ†ØªØ±Ø§Ù„ Ø®Ø¨Ø± Ø¯Ø§Ø¯ Ú©Ù‡ Ø²ÛŒØ±Ø¨Ù†Ø§ÛŒ Ù…Ø±Ø­Ù„Ù‡â€ŒÛŒ Ø§â€¦ https://t.co/mwQ1ZbcFc0
1666168582592421889,2023-06-06 19:42:00 +0000,siovski,"@maajjid93 Ø¨Ù‡ Ø§Ù‡Ø§Ù„ÛŒ Ù…ÙˆÙ†ØªØ±Ø§Ù„ Ùˆ Ø­ÙˆÙ…Ù‡ Ù‡ÛŒÚ†ÛŒ Ù†Ù…ÛŒØ¯Ù…. 
Ø§ØªÛŒØ´ Ø²Ø¯ÛŒÙ† Ø¬Ù†Ú¯Ù„Ø§Ø±Ùˆ Ø¯Ù‡Ù†Ù…ÙˆÙ† Ø³Ø±ÙˆÛŒØ³ Ø´Ø¯Ù‡ Ø§Ø² Ú¯Ø±Ø¯Ù‡ Ùˆ Ø¯ÙˆØ¯ Ø§ÛŒÙ†Ø¬Ø§"
1666159056631758854,2023-06-06 19:04:09 +0000,negar15050006,"Ù…Ø¬Ø¨ÙˆØ±Ù… Ø§Ù…Ø´Ø¨ Ø¨Ø±Ù… Ù…ÙˆÙ†ØªØ±Ø§Ù„ ØªØ§ ÙØ±Ø¯Ø§ Ø´Ø¨ Ùˆ Ø§Ù„Ø§Ù† Ú©ÙˆÙ¾Ø± Ø±Ùˆ Ú¯Ø°Ø§Ø´ØªÙ… Ø®ÙˆÙ†Ù‡ ÛŒ Ø¯ÙˆØ³ØªÙ…ðŸ¥º

Ù¾Ø± Ø¨ØºØ¶Ù…ØŒ

ØªÙˆÙ†Ú¯Ø§Ù‡Ø´ Ø¬Ù…Ù„Ù‡ ÛŒ Â« Ø­Ø§Ù„Ø§ Ú©Ù‡ Ù…Ù†Ùˆ Ø§Ù‡Ù„ÛŒâ€¦ https://t.co/OkxpP5zvyI"
1666139531534270468,2023-06-06 17:46:34 +0000,Shemosim,@aminhgn Ù†Ù‡ Ù‡ÛŒÚ† ÙˆÙ‚Øª Ø¨Ù‡ Ù…ÙˆÙ†ØªØ±Ø§Ù„ Ø­Ø³ Ø®ÙˆÙ†Ù‡ Ù†Ø¯Ø§Ø´ØªÙ… Ùˆ Ù†Ø¯Ø§Ø±Ù…!
1666114484262379521,2023-06-06 16:07:02 +0000,shipoolix,@KaleFrangi @mshah000 Ù…ÙˆÙ†ØªØ±Ø§Ù„ Û¶ Ø¹Ù‡. Ø§ÛŒÙ†Ø¬Ø§ Û±Û±.
1666099237677944832,2023-06-06 15:06:27 +0000,Si____LAS,@Fatemebahaar @AlphaIndiaa Ú†Ù‡ Ø±Ø¨Ø·ÛŒ Ø¯Ø§Ø±Ù‡! Ú†ÙˆÙ† Ø¬Ø² Ø§ÛŒØ±Ø§Ù†Ù† Ø¨Ø§ÛŒØ¯ ÙØ§Ø±Ø³ÛŒ Ø­Ø±Ù Ø¨Ø²Ù†Ù†ØŸ Ø§Ù„Ø§Ù† ÛŒÚ©ÛŒ ØªÙˆ Ú©Ø§Ù†Ø§Ø¯Ø§ Ù¾Ø§Ø´Ù‡ Ø¨Ø±Ù‡ Ù…ÙˆÙ†ØªØ±Ø§Ù„ Ù…Ù…Ú©â€¦ https://t.co/mFhR8VhSLH
1666095505003413510,2023-06-06 14:51:37 +0000,Kimi_Adam_Goriz,"Ø¨Ø¹Ø¯ Ø§Ø² Ù…ÙˆÙ†ØªØ±Ø§Ù„ Ù…ØªØ§Ù„ÛŒÚ©Ø§ÛŒ 2 Ø´Ø¨
Ø¨Ø±ÛŒÙ… ÙˆØ§Ø³Ù‡ toolðŸ¥²
Ø¢Ù‡ ðŸ¥²
#Ù…ÙˆØ²ÛŒÚ©_Ø¨Ø§Ú©ÛŒÙ…ÛŒ https://t.co/bUlVuIhOR6"
1666084394489245699,2023-06-06 14:07:28 +0000,AmirSouri9,@HaNa_1985_ Ù†Ø²Ø¯ÛŒÚ© Ù…ÙˆÙ†ØªØ±Ø§Ù„ Ø¨ÙˆØ¯ Ù…Ú¯Ù‡ Ø§ØµÙ†ØŸ
1666084205380632577,2023-06-06 14:06:43 +0000,alita5879,@shooreshiirin Ø§ÛŒÙ†Ø¬Ø§ Ù…ÙˆÙ†ØªØ±Ø§Ù„ Ù‡Ù…ÛŒÙ†Ù‡ ÛŒØ§ Ø´Ø§ÛŒØ¯ Ø¨Ø¯ØªØ±
1666072068989898753,2023-06-06 13:18:30 +0000,flokiii_md,@shooreshiirin Ø¨Ø®Ø¯Ø§ ÙÚ©Ø± Ú©Ø±Ø¯Ù… Ø§ÛŒÙ†Ùˆ Ø§Ø² Ù…ÙˆÙ†ØªØ±Ø§Ù„ ÛŒÚ©ÛŒ ØªÙˆÛŒÛŒØª Ø²Ø¯Ù‡. Ø¢Ø³Ù…ÙˆÙ† Ù¾Ø± Ø¯ÙˆØ¯Ù‡ØŒ Ù‡Ø± Ø±ÙˆØ² ÛŒÙ‡ Ø¬Ø§ Ø¯Ø§Ø±Ù‡ Ø¢ØªÛŒØ´ Ù…ÛŒÚ¯ÛŒØ±Ù‡.
1666068601076318210,2023-06-06 13:04:43 +0000,Sahand_Ava,"Ù‡Ù…Ø¨Ø³ØªÚ¯ÛŒ Ø­Ù‚ÙˆÙ‚ Ø¨Ø´Ø± Ú©Ø§Ù†Ø§Ø¯Ø§-Ø§Ù…Ù†Ø³ØªÛŒ ØŒ 
Ø¨Ø§
Ø³ØªØ§Ø¯ Ø²Ù† Ø²Ù†Ø¯Ú¯ÛŒ Ø¢Ø²Ø§Ø¯ÛŒ Ù…ÙˆÙ†ØªØ±Ø§Ù„ #Ú©Ø§Ù†Ø§Ø¯Ø§ 
Ø¨Ø§
Ø­Ù…Ø§ÛŒØª Ø³Ù†Ø¯ÛŒÚ©Ø§Ù‡Ø§ÛŒ Ú©Ø§Ø±Ú¯Ø±ÛŒ Ùˆ ÙØ¯Ø±Ø§Ø³ÛŒÙˆÙ†Ù‡Ø§ Ùˆâ€¦ https://t.co/lwPO8cKHpw"
1666009631938732032,2023-06-06 09:10:23 +0000,sinadotnet,@FeraJibi Ù…ÛŒÚ¯Ù† ØªÙˆ Ù…ÙˆÙ†ØªØ±Ø§Ù„ Ù‡Ù… Ù‡Ø³Øª Ø¨Ø±ÙˆÙˆÙˆÙˆðŸ¥º
1666006006730567681,2023-06-06 08:55:59 +0000,CanadaIran_ca,"ðŸ“ŒÙ‡ÙØªÙ‡ Ù†Ø§Ù…Ù‡ ØªØ®ØµØµÛŒ ØªØ¬Ø§Ø±Øª Ø§ÛŒØ±Ø§Ù† Ùˆ Ú©Ø§Ù†Ø§Ø¯Ø§
Ù‡ÙØªÙ‡ Ø³ÙˆÙ… Ø®Ø±Ø¯Ø§Ø¯ Ù…Ø§Ù‡ 1402

Ù„ÛŒÙ†Ú© Ø¯Ø§Ù†Ù„ÙˆØ¯ Ù‡ÙØªÙ‡ Ù†Ø§Ù…Ù‡ :
https://t.co/bVh24Zqqctâ€¦ https://t.co/vwfdKrrvKs"
1665991390721978368,2023-06-06 07:57:54 +0000,Sibheidari,Ø¯ÛŒØ±ÙˆØ² Ø¨Ù‡ Ø´Ø§Ú¯Ø±Ø¯Ù… ØªÚ©Ø³Øª Ø¯Ø§Ø¯Ù… Ú©Ù‡ Ø¨Ú¯Ù… Ø§Ú¯Ù‡ Ù…ÛŒØ´Ù‡ Ú©Ù„Ø§Ø³ Ø´Ø¨Ù…ÙˆÙ† Ø±Ùˆ ÛŒÙ‡ Ø³Ø§Ø¹Øª Ø²ÙˆØ¯ØªØ± Ø¨Ø°Ø§Ø±ÛŒÙ…ØŒ Ú¯ÙØª Ø¨Ø¨Ø®Ø´ÛŒØ¯ ÛŒÙ‡ Ø³ÙØ± ÛŒÙ‡ÙˆÛŒÛŒ Ù¾ÛŒØ´ Ø§ÙˆÙ…Ø¯Ù‡ØŒ Ø¯Ø§â€¦ https://t.co/lCT9b5EpF8
1665989508578394112,2023-06-06 07:50:26 +0000,arghwanarghavan,@seemorgh_anka @gol1pari Ù…Ø«Ù„ Ú©Ø§Ù†Ø§Ø¯Ø§ ØªÙˆ Ù…ÙˆÙ†ØªØ±Ø§Ù„ ÙÙ‚Ø· Ø§ÛŒØ±Ø§Ù†ÛŒ Ø¨ÙˆØ¯Ù†.... ÛŒØ§Ø¯ Ø¨Ø§Ø²Ø§Ø± Ø§ÙØªØ§Ø¯Ù…
1665927599028150273,2023-06-06 03:44:25 +0000,EnfentSolitaire,@thewayoulookt ÙƒØ¬Ø§ Ø¨Ø³ØªÙ†ÙŠ Ø´Ø§Ù‡ ØªÙˆØª ØªÙˆÙŠ Ù…ÙˆÙ†ØªØ±Ø§Ù„ ØŸ Ø¨Ù‚ÙŠØ´ Ø­ØªÙ…Ø§ Ø¬ÙˆØ± Ù…ÙŠØ´Ù‡ ðŸ˜Š
1665915339165638657,2023-06-06 02:55:42 +0000,EnfentSolitaire,@KaleFrangi @aminhgn Ù…Ù†Ù… ÙÙƒØ± Ù…Ø±Ø¯Ù… Ù…ÙˆÙ†ØªØ±Ø§Ù„ ØŒ ðŸ˜‚ Ø®ÙˆØ¯ Ø´Ù…Ø§ Ø¨Ø§ÙŠØ¯ Ø¨Ø±Ù†Ø§Ù…Ù‡ Ø¨Ø°Ø§Ø±ÙŠ Ø› Ù…Ù† ØªÙ†Ø¨Ù„Ù… ØªÙˆÙŠ Ø§ÙŠÙ† ÙƒØ§Ø±ðŸ˜Š
1665913816914206721,2023-06-06 02:49:39 +0000,aminhgn,@EnfentSolitaire @HaNa_1985_ Ù…Ù† Ø§Ø±Ù‡ ØªÙˆØ±Ù†ØªÙˆ Ù‡Ø³ØªÙ…ðŸ˜… @Shemosim Ø¯Ø³Øª ØªÙˆ Ø±Ùˆ Ù…ÛŒØ¨ÙˆØ³Ù‡ Ù…ÙˆÙ†ØªØ±Ø§Ù„
1665908878599503873,2023-06-06 02:30:02 +0000,EnfentSolitaire,@HaNa_1985_ @aminhgn Ø¯Ø§Ø¯Ø§Ø´ Ø´Ù…Ø§ Ø§Ù†ØªØ§Ø±ÛŒÙˆ Ù‡Ø³ØªÛŒ ØŸ Ø§ÛŒ Ø¨Ø§Ø¨Ø§ ÙÚ©Ø± Ú©Ù†Ù… Ø§ÛŒÙ† Ø¯ÙØ¹Ù‡ Ø¯ÙˆÙ… Ú©Ù‡ Ø§ÛŒÙ† Ø§Ø´ØªØ¨Ø§Ù‡ Ú©Ø±Ø¯Ù…ðŸ˜‚. Ù¾Ø§Ø´Ùˆ Ø¨ÛŒØ§ Ù…ÙˆÙ†ØªØ±Ø§Ù„ Ø§ÛŒâ€¦ https://t.co/Vljso1nuLk
1665899948594937859,2023-06-06 01:54:33 +0000,NuitBlancheMoi,@GiselleRiante Ø§Ø² ÙˆÙ‚ØªÛŒ Ú©Ù‡ Ø±ÙØªÛŒ Ù…ÙˆÙ†ØªØ±Ø§Ù„ Ø¨ÛŒØ´ØªØ± Ø´Ø¯Ù‡ØŸðŸ¥º
1665872869832765441,2023-06-06 00:06:57 +0000,aminhgn,@prniannnn @mountiethebest ØªÛŒÙ…Ù…ÙˆÙ† ØªÚ©Ù…ÛŒÙ„Ù‡ Ù…Ù† Ù…ÙˆÙ†ØªØ±Ø§Ù„ Ù‡Ù… Ø³Ø±Ø§Øº Ø¯Ø§Ø±ÛŒÙ…ðŸ˜‚
1665863213315915779,2023-06-05 23:28:34 +0000,Medad_MTL,Ø¨Ø§ Ø¢ØºØ§Ø² Ø§Ø¬Ø±Ø§ÛŒÛŒ Ø´Ø¯Ù† Ù‚ÙˆØ§Ù†ÛŒÙ† Ù…Ø±Ø¨ÙˆØ· Ø¨Ù‡ Ù‚Ø§Ù†ÙˆÙ† Û¹Û¶ Ø¯Ø±Ø¨Ø§Ø±Ù‡ ØªÙ‚ÙˆÛŒØª Ø²Ø¨Ø§Ù† ÙØ±Ø§Ù†Ø³ÙˆÛŒ Ø¯Ø± Ú©Ø¨Ú©ØŒ Ø§Ù„ÛŒØ³ÙˆÙ† Ù‡ÛŒØ² Ø¯Ø± Ø¯ÛŒØ¯Ú¯Ø§Ù‡ÛŒ Ø¯Ø± Ù…ÙˆÙ†ØªØ±Ø§Ù„ Ú¯Ø²Øªâ€¦ https://t.co/XSTMkPEI6v
1665852507115986945,2023-06-05 22:46:02 +0000,manwhatthefman,@HanEhsa Ù†Ù‡ Ø§Ø®Ù‡ Ù…Ø«Ù„Ø§ Ø³Ø­Ø± Ø­ØªÛŒ Ù…Ù‡Ø§Ø¬Ø±Øª Ú©Ø±Ø¯Ù‡ Ù‡Ù…ÛŒÙ† ÙˆØ± Ø¯Ù†ÛŒØ§ ÙˆÙ„ÛŒ Ù‡ÛŒÚ†ÛŒ Ø¨Ù‡ Ù‡ÛŒÚ†ÛŒ. ØºÙ… Ù…Ø¶Ø§Ø¹Ù Ø´Ø¯Ù‡ ØªÙˆÛŒ Ø°Ù‡Ù† Ù…Ù† Ú©Ù‡ Ø§Ù„Ø§Ù† Ø¬Ø§ÛŒ Ø§ÛŒÙ†Ú©Ù‡ Ø¨â€¦ https://t.co/Q7P7qeqYZv
1665793462535372809,2023-06-05 18:51:25 +0000,Thessalonica77,"@LiberalAntiLeft Ù„ÛŒØ¨ÛŒ:
Ù…ÙˆÙ†ØªØ±Ø§Ù„>>>>>> Ø¨Ù‡Ø´Øª
ØªÙˆØ±Ù†ØªÙˆ<<<<<<Ø¬Ù‡Ù†Ù…"
1665792753718927360,2023-06-05 18:48:36 +0000,LiberalAntiLeft,Ø¯Ø± Ø­Ø§Ø¶Ø± Û±Û´Û´Û°Û° ÙˆØ§Ø­Ø¯ Ø§Ø¬Ø§Ø±Ù‡â€ŒØ§ÛŒ Ø¯Ø± Ù…ÙˆÙ†ØªØ±Ø§Ù„ Ø¯Ø± Ø­Ø§Ù„ Ø³Ø§Ø®ØªÙ†Ù‡ Ú©Ù‡ Û²Û¸Ùª Ø§Ø² Ù‚Ø¨Ù„ Ú©Ù…ØªØ±Ù‡. Ø¨Ø§ Ø§ÛŒÙ†Ø­Ø§Ù„ Ø¬Ù…Ø¹ ÙˆØ§Ø­Ø¯Ù‡Ø§ÛŒ Ø§Ø¬Ø§Ø±Ù‡â€ŒØ§ÛŒ Ø¯Ø± ØªÙˆØ±Ù†ØªÙˆâ€¦ https://t.co/cPmTMvq5MA
1665789499379535874,2023-06-05 18:35:40 +0000,Medad_MTL,Ø§ØªØ§Ù‚ Ø¨Ø§Ø²Ø±Ú¯Ø§Ù†ÛŒ Ú©Ù„Ø§Ù†Ø´Ù‡Ø± Ù…ÙˆÙ†ØªØ±Ø§Ù„ Ù…ÛŒâ€ŒÚ¯ÙˆÛŒØ¯ Ø¨Ø§ ØªÙˆØ¬Ù‡â€Œ Ø¨Ù‡ ÙˆØ¶Ø¹ÛŒØª Ø¹Ø±Ø¶Ù‡ Ùˆ ØªÙ‚Ø§Ø¶Ø§ÛŒ ÙˆØ§Ø­Ø¯Ù‡Ø§ÛŒ Ø§Ø¬Ø§Ø±Ù‡â€ŒØ§ÛŒØŒ Ø§Ù†ØªØ¸Ø§Ø± Ø¯Ø§Ø±Ø¯ Ø§Ø¬Ø§Ø±Ù‡â€ŒØ¨Ù‡Ø§ÛŒ ÙˆØ§Ø­Ø¯â€¦ https://t.co/VqubhGDCVF
1665776933236273158,2023-06-05 17:45:44 +0000,MtlPersianTwits,@silentdokht Ù‡Ø±Ú©ÛŒ Ø¨Ù‡ Ø§Ù†Ø¯Ø§Ø²Ù‡ Ú©Ø§ÙÛŒ Ù…ÙˆÙ†ØªØ±Ø§Ù„ Ø¨ÙˆØ¯Ù‡ Ø¨Ø§Ø´Ù‡ Ù…ÛŒØ¯ÙˆÙ†Ù‡ Ú©Ø¬Ø§Ø³ Ø§Ù„Ø¨ØªÙ‡ ðŸ˜‰
1665776375054073859,2023-06-05 17:43:31 +0000,silentdokht,@MtlPersianTwits Ù‡Ø±Ú©ÛŒ Ù…ÙˆÙ†ØªØ±Ø§Ù„ Ø¨Ø§Ø´Ù‡ Ù…ÛŒØ¯ÙˆÙ†Ù‡ Ú©Ø¬Ø§Ø³ Ø¯ÛŒÚ©Ù‡ðŸ˜…
1665774732027756545,2023-06-05 17:36:59 +0000,SalamToronto,"#Ù‚ÛŒÙ…Øª_Ù†ÙØª Ø¨Ù‡ Ø¨Ø´Ú©Ù‡â€ŒØ§ÛŒ Û·Û³ #Ø¯Ù„Ø§Ø±_Ø¢Ù…Ø±ÛŒÚ©Ø§ Ø§ÙØ²Ø§ÛŒØ´ ÛŒØ§ÙØª.
.
.
.
.
.
#Ø¯Ù„Ø§Ø±   #Ø¯Ù„Ø§Ø±Ú©Ø§Ù†Ø§Ø¯Ø§   #Ø¯Ù„Ø§Ø±Ø¢Ù…Ø±ÛŒÚ©Ø§   #Ø¯Ù„Ø§Ø±_Ú©Ø§Ù†Ø§Ø¯Ø§â€¦ https://t.co/myDgbOO0PP"
1665764224541368331,2023-06-05 16:55:14 +0000,Khabar_Canada,Ø§Ø®Ø·Ø§Ø± Ù…Ù‡â€ŒØ¯ÙˆØ¯ Ø¯Ø± Ù…ÙˆÙ†ØªØ±Ø§Ù„ Ø¨Ù‡ Ø¯Ù„ÛŒÙ„ Ø¢ØªØ´â€ŒØ³ÙˆØ²ÛŒâ€ŒÙ‡Ø§ÛŒ Ù…ØªØ¹Ø¯Ø¯ Ø¯Ø± Ø¬Ù†Ú¯Ù„â€ŒÙ‡Ø§ÛŒ Ø§Ø³ØªØ§Ù† Ú©Ø¨Ú©
